Cites,Authors,Title,Year,Source,Publisher,ArticleURL,CitesURL,GSRank,QueryDate,Type,DOI,ISSN,CitationURL,Volume,Issue,StartPage,EndPage,ECC,CitesPerYear,CitesPerAuthor,AuthorCount,Age,Abstract,FullTextURL,RelatedURL,Unique ID
184,"U Hege**, F Palomino***, A Schwienbacher****",Venture capital performance: the disparity between Europe and the United States,2009,Finance,cairn.info,https://www.cairn.info/revue-finance-2009-1-page-7.htm,"https://scholar.google.com/scholar?cites=6447554703266305644&as_sdt=2005&sciodt=0,5&hl=en",1,2024-04-06 21:39:23,HTML,,,,,,,,184,12.27,61,3,15,This paper compares the success of venture capital investments in the United States and in Europe by analyzing individual venture-backed companies and the value generated within …,https://www.cairn.info/revue-finance-2009-1-page-7.htm,"https://scholar.google.com/scholar?q=related:bFYWjtdQelkJ:scholar.google.com/&scioq=%220752+6180%22&hl=en&as_sdt=0,5&as_ylo=2008&as_yhi=2023&as_vis=1",1
103,"M Merli, T Roger",What drives the herding behavior of individual investors?,2013,Finance,cairn.info,https://www.cairn.info/revue-finance-2013-3-page-67.htm?wt.src=pdf,"https://scholar.google.com/scholar?cites=17181801308828683499&as_sdt=2005&sciodt=0,5&hl=en",2,2024-04-06 21:39:23,HTML,,,,,,,,103,9.36,52,2,11,"We introduce a new measure of herding that allows for tracking dynamics of individual herding. Using a database of nearly 8 million trades by 87,373 retail investors between 1999 and …",https://www.cairn.info/revue-finance-2013-3-page-67.htm?wt.src=pdf,"https://scholar.google.com/scholar?q=related:60wT3kEFcu4J:scholar.google.com/&scioq=%220752+6180%22&hl=en&as_sdt=0,5&as_ylo=2008&as_yhi=2023&as_vis=1",2
97,"E Ginglinger, J Hamon*","Ownership, control and market liquidity",2012,Finance,cairn.info,https://www.cairn.info/revue-finance-2012-2-page-61.htm,"https://scholar.google.com/scholar?cites=4422096484704142068&as_sdt=2005&sciodt=0,5&hl=en",3,2024-04-06 21:39:23,HTML,,,,,,,,97,8.08,49,2,12,We examine how ownership concentration and the separation of ownership and control affect secondary-market liquidity in France. We find that firms with a large insider blockholder …,https://www.cairn.info/revue-finance-2012-2-page-61.htm,"https://scholar.google.com/scholar?q=related:9EJL1VJxXj0J:scholar.google.com/&scioq=%220752+6180%22&hl=en&as_sdt=0,5&as_ylo=2008&as_yhi=2023&as_vis=1",3
84,"C Bernard 1, PP Boyle 2, S Vanduffel 3",Explicit representation of cost-efficient strategies,2014,Finance,cairn.info,https://www.cairn.info/revue-finance-2014-2-page-5.htm,"https://scholar.google.com/scholar?cites=17404366566700462543&as_sdt=2005&sciodt=0,5&hl=en",4,2024-04-06 21:39:23,HTML,,,,,,,,84,8.4,28,3,10,"In this paper, we give an explicit representation of the lowest cost strategy to achieve a given payoff distribution (that we call “cost-efficient” strategy). For any inefficient strategy, we are …",https://www.cairn.info/revue-finance-2014-2-page-5.htm,"https://scholar.google.com/scholar?q=related:z7HdHC67iPEJ:scholar.google.com/&scioq=%220752+6180%22&hl=en&as_sdt=0,5&as_ylo=2008&as_yhi=2023&as_vis=1",4
72,C HJ Reuter*,A survey of 'culture and finance',2011,Finance,cairn.info,https://www.cairn.info/revue-finance-2011-1-page-75.htm,"https://scholar.google.com/scholar?cites=2019387958628121354&as_sdt=2005&sciodt=0,5&hl=en",6,2024-04-06 21:39:23,HTML,,,,,,,,72,5.54,72,1,13,"In this research article, peer-reviewed academic journals in the area of finance have been screened to investigate the recent rise in interest for “cultural approaches”. The aim has been …",https://www.cairn.info/revue-finance-2011-1-page-75.htm,"https://scholar.google.com/scholar?q=related:Cvu6MaZOBhwJ:scholar.google.com/&scioq=%220752+6180%22&hl=en&as_sdt=0,5&as_ylo=2008&as_yhi=2023&as_vis=1",5
63,"EI Dumitrescu*, C Hurlin**, V Pham***",Backtesting value-at-risk: from dynamic quantile to dynamic binary tests,2012,Finance,cairn.info,https://www.cairn.info/revue-finance-2012-1-page-79.htm,"https://scholar.google.com/scholar?cites=15358432954697410839&as_sdt=2005&sciodt=0,5&hl=en",5,2024-04-06 21:39:23,HTML,,,,,,,,63,5.25,21,3,12,"In this paper we propose a new tool for backtesting that examines the quality of Value-at-Risk (VaR) forecasts. To date, the most distinguished regression-based backtest, proposed by …",https://www.cairn.info/revue-finance-2012-1-page-79.htm,"https://scholar.google.com/scholar?q=related:F2lkW2YdJNUJ:scholar.google.com/&scioq=%220752+6180%22&hl=en&as_sdt=0,5&as_ylo=2008&as_yhi=2023&as_vis=1",6
46,"I Girerd-Potin, S Jimenez-Garces, P Louvet",The link between social rating and financial capital structure,2011,Finance,cairn.info,https://www.cairn.info/revue-finance-2011-2-page-9.htm,"https://scholar.google.com/scholar?cites=2641698793310430097&as_sdt=2005&sciodt=0,5&hl=en",7,2024-04-06 21:39:23,HTML,,,,,,,,46,3.54,15,3,13,This article focuses on the link between a firm’s corporate financial structure and its social rating. We propose a new general model showing that less socially engaged firms issue more …,https://www.cairn.info/revue-finance-2011-2-page-9.htm,"https://scholar.google.com/scholar?q=related:kaPYYg4zqSQJ:scholar.google.com/&scioq=%220752+6180%22&hl=en&as_sdt=0,5&as_ylo=2008&as_yhi=2023&as_vis=1",7
45,JM Gaspar*,The Performance of French LBO Firms: New data and new results,2012,Finance,cairn.info,https://www.cairn.info/revue-finance-2012-2-page-7.htm,"https://scholar.google.com/scholar?cites=7308956706377917060&as_sdt=2005&sciodt=0,5&hl=en",8,2024-04-06 21:39:23,HTML,,,,,,,,45,3.75,45,1,12,"This paper investigates the operating performance of French targets of Leveraged Buy-Out (LBO) transactions during the 1995-2005 period. To benchmark LBO performance, I use a …",https://www.cairn.info/revue-finance-2012-2-page-7.htm,"https://scholar.google.com/scholar?q=related:hGJdYmahbmUJ:scholar.google.com/&scioq=%220752+6180%22&hl=en&as_sdt=0,5&as_ylo=2008&as_yhi=2023&as_vis=1",8
40,"S Boolell-Gunesh**, MH Broihanne**, M Merli**","Disposition effect, investor sophistication and taxes: Some French Specificities",2009,Finance,cairn.info,https://www.cairn.info/revue-finance-2009-1-page-51.htm,"https://scholar.google.com/scholar?cites=6118246121631606519&as_sdt=2005&sciodt=0,5&hl=en",11,2024-04-06 21:39:23,HTML,,,,,,,,40,2.67,13,3,15,We investigate the presence of the disposition effect for 90 244 individual investors using a unique large brokerage account database between 1999 and 2006. Our main results show …,https://www.cairn.info/revue-finance-2009-1-page-51.htm,"https://scholar.google.com/scholar?q=related:92ZDiG5g6FQJ:scholar.google.com/&scioq=%220752+6180%22&hl=en&as_sdt=0,5&as_ylo=2008&as_yhi=2023&as_vis=1",9
36,BD Nguyen,Ownership structure and board characteristics as determinants of CEO turnover in French-listed companies,2011,Finance,cairn.info,https://www.cairn.info/revue-finance-2011-2-page-53.htm,"https://scholar.google.com/scholar?cites=2103673241898590805&as_sdt=2005&sciodt=0,5&hl=en",15,2024-04-06 21:39:23,HTML,,,,,,,,36,2.77,36,1,13,This paper investigates whether ownership structure and board characteristics determine CEO turnover in a sample of largest French-listed firms from 1994 to 2001. The results show …,https://www.cairn.info/revue-finance-2011-2-page-53.htm,"https://scholar.google.com/scholar?q=related:VSLc8qq_MR0J:scholar.google.com/&scioq=%220752+6180%22&hl=en&as_sdt=0,5&as_ylo=2008&as_yhi=2023&as_vis=1",10
34,"M Brière**, B Drut***, V Mignon****, K Oosterlinck*****, ...",Is the market portfolio efficient? A new test of mean-variance efficiency when all assets are risky,2013,Finance,cairn.info,https://www.cairn.info/revue-finance-2013-1-page-7.htm,"https://scholar.google.com/scholar?cites=13399052266895922649&as_sdt=2005&sciodt=0,5&hl=en",19,2024-04-06 21:39:23,HTML,,,,,,,,34,3.09,7,5,11,The market portfolio efficiency remains controversial. This paper develops a new test of portfolio mean-variance efficiency relying on the realistic assumption that all assets are risky. The …,https://www.cairn.info/revue-finance-2013-1-page-7.htm,"https://scholar.google.com/scholar?q=related:2VU5pwv_8rkJ:scholar.google.com/&scioq=%220752+6180%22&hl=en&as_sdt=0,5&as_ylo=2008&as_yhi=2023&as_vis=1",11
30,"B Fabre*, A François-Heude*",Optimism and overconfidence investors' biases: A methodological note,2009,Finance,cairn.info,https://www.cairn.info/revue-finance-2009-1-page-79.htm,"https://scholar.google.com/scholar?cites=7560903864632079575&as_sdt=2005&sciodt=0,5&hl=en",14,2024-04-06 21:39:23,HTML,,,,,,,,30,2.0,15,2,15,"In literature, there are little evidence about interactions and respective roles of optimism and overconfidence on characteristic variables of cash-flows like mean and variance [Barberis …",https://www.cairn.info/revue-finance-2009-1-page-79.htm,"https://scholar.google.com/scholar?q=related:1_RFaAG67WgJ:scholar.google.com/&scioq=%220752+6180%22&hl=en&as_sdt=0,5&as_ylo=2008&as_yhi=2023&as_vis=1",12
30,"N Aktas*, I Bellettre**, JG Cousin***",Capital structure decisions of French very small businesses,2011,Finance,cairn.info,https://www.cairn.info/revue-finance-2011-1-page-43.htm,"https://scholar.google.com/scholar?cites=3083283890390125185&as_sdt=2005&sciodt=0,5&hl=en",17,2024-04-06 21:39:23,HTML,,,,,,,,30,2.31,10,3,13,"Very small businesses (VSB) experience financing constraints unlike those encountered by larger companies; however, they are rarely studied. Their unique characteristics, including …",https://www.cairn.info/revue-finance-2011-1-page-43.htm,"https://scholar.google.com/scholar?q=related:gUpjxFwGyioJ:scholar.google.com/&scioq=%220752+6180%22&hl=en&as_sdt=0,5&as_ylo=2008&as_yhi=2023&as_vis=1",13
30,"L Ballotta 1, G Fusai 2",Counterparty credit risk in a multivariate structural model with jumps,2015,Finance,cairn.info,https://www.cairn.info/revue-finance-2015-1-page-39.htm,"https://scholar.google.com/scholar?cites=4940733920443292374&as_sdt=2005&sciodt=0,5&hl=en",18,2024-04-06 21:39:23,HTML,,,,,,,,30,3.33,15,2,9,We present a multivariate version of a structural default model with jumps and use it in order to quantify the bilateral credit value adjustment and the bilateral debt value adjustment for …,https://www.cairn.info/revue-finance-2015-1-page-39.htm,"https://scholar.google.com/scholar?q=related:1tq-0VIDkUQJ:scholar.google.com/&scioq=%220752+6180%22&hl=en&as_sdt=0,5&as_ylo=2008&as_yhi=2023&as_vis=1",14
29,H Tchakoute Tchuigoua 1,Performance of microfinance institutions: do board activity and governance ratings matter?,2014,Finance,cairn.info,https://www.cairn.info/revue-finance-2014-3-page-7.htm,"https://scholar.google.com/scholar?cites=1112913297224502272&as_sdt=2005&sciodt=0,5&hl=en",13,2024-04-06 21:39:23,HTML,,,,,,,,29,2.9,29,1,10,"This article aims to empirically verify the relationship among board activity, governance rating scores, and the financial performance of microfinance institutions (MFIs). The study …",https://www.cairn.info/revue-finance-2014-3-page-7.htm,"https://scholar.google.com/scholar?q=related:AAzgUr_ccQ8J:scholar.google.com/&scioq=%220752+6180%22&hl=en&as_sdt=0,5&as_ylo=2008&as_yhi=2023&as_vis=1",15
25,"C Moussu, A Petit-Romec",ROE in banks: Performance or risk measure? Evidence from financial crises,2017,Finance,cairn.info,https://www.cairn.info/revue-finance-2017-2-page-95.html?source=content_type%3Areact%7Cfirst_level_url%3Aarticle%7Csection%3Amain_content%7Cbutton%3Abody_link,"https://scholar.google.com/scholar?cites=17436084818014939256&as_sdt=2005&sciodt=0,5&hl=en",16,2024-04-06 21:39:23,HTML,,,,,,,,25,3.57,13,2,7,Return on equity (ROE) is a central measure of performance in the banking industry. The reliance on ROE emerged with the risk management approach that inspired bank capital …,https://www.cairn.info/revue-finance-2017-2-page-95.html?source=content_type%3Areact%7Cfirst_level_url%3Aarticle%7Csection%3Amain_content%7Cbutton%3Abody_link,"https://scholar.google.com/scholar?q=related:eKhc-8Jq-fEJ:scholar.google.com/&scioq=%220752+6180%22&hl=en&as_sdt=0,5&as_ylo=2008&as_yhi=2023&as_vis=1",16
25,"E De Bodt, JG Cousin, IDB Demidova",M&A outcomes and willingness to sell,2014,Finance,cairn.info,https://www.cairn.info/revue-finance-2014-1-page-7.htmWe,"https://scholar.google.com/scholar?cites=12945664212575509927&as_sdt=2005&sciodt=0,5&hl=en",23,2024-04-06 21:39:23,HTML,,,,,,,,25,2.5,8,3,10,"Should target shareholders divulgate their willingness to sell (WTS)? In this article, we tackle this issue by investigating the net WTS wealth effect. We first model the trade-off between …",https://www.cairn.info/revue-finance-2014-1-page-7.htmWe,"https://scholar.google.com/scholar?q=related:p90MJAM9qLMJ:scholar.google.com/&scioq=%220752+6180%22&hl=en&as_sdt=0,5&as_ylo=2008&as_yhi=2023&as_vis=1",17
23,"FÉ Racicot, WF Rentz, R Théoret",Testing the new Fama and French factors with illiquidity: A panel data investigation,2018,Finance,cairn.info,https://www.cairn.info/revue-finance-2018-3-page-45.htm,"https://scholar.google.com/scholar?cites=14160044151102323943&as_sdt=2005&sciodt=0,5&hl=en",10,2024-04-06 21:39:23,HTML,,,,,,,,23,3.83,8,3,6,"We investigate the new Fama-French (FF, 2015, 2016) five factors augmented with a well-known illiquidity measure (Pástor and Stambaugh, 2003), using an innovative GMM robust …",https://www.cairn.info/revue-finance-2018-3-page-45.htm,"https://scholar.google.com/scholar?q=related:5zxN3iGVgsQJ:scholar.google.com/&scioq=%220752+6180%22&hl=en&as_sdt=0,5&as_ylo=2008&as_yhi=2023&as_vis=1",18
22,D Glavas,Green regulation and stock price reaction to green bond issuance,2020,Finance,cairn.info,https://www.cairn.info/revue-finance-2020-1-page-7.htm,"https://scholar.google.com/scholar?cites=4099132740105377347&as_sdt=2005&sciodt=0,5&hl=en",9,2024-04-06 21:39:23,,,,,,,,,22,5.5,22,1,4,This paper shows how changes in regulatory pressure impact the way equity investors react to green bond issuance announcements. We find a positive stock price reaction to green …,https://joint-research-centre.ec.europa.eu/system/files/2019-07/4_1_dejan_glavas_presentation.pdf,"https://scholar.google.com/scholar?q=related:Q5YnTYIL4zgJ:scholar.google.com/&scioq=%220752+6180%22&hl=en&as_sdt=0,5&as_ylo=2008&as_yhi=2023&as_vis=1",19
21,"S Boolell-Gunesh**, MH Broihanne, M Merli***",Sophistication of individual investors and disposition effect dynamics,2012,Finance,cairn.info,https://www.cairn.info/revue-finance-2012-1-page-9.htm,"https://scholar.google.com/scholar?cites=275876830843039767&as_sdt=2005&sciodt=0,5&hl=en",24,2024-04-06 21:39:23,HTML,,,,,,,,21,1.75,7,3,12,"This paper analyses the disposition effect at an individual level by studying the trading records of 20 379 investors over 1999-2006. As in previous studies, we confirm a huge …",https://www.cairn.info/revue-finance-2012-1-page-9.htm,"https://scholar.google.com/scholar?q=related:F_AoGIQc1AMJ:scholar.google.com/&scioq=%220752+6180%22&hl=en&as_sdt=0,5&as_ylo=2008&as_yhi=2023&as_vis=1",20
21,"N Aubert*, T Rapp**",Employee's investment behaviors in a company based savings plan,2010,Finance,cairn.info,https://www.cairn.info/revue-finance-2010-1-page-5.htm,"https://scholar.google.com/scholar?cites=12088285824065278147&as_sdt=2005&sciodt=0,5&hl=en",26,2024-04-06 21:39:23,HTML,,,,,,,,21,1.5,11,2,14,"This paper investigates the investment behaviors of 44,649 employees working in a CAC 40 index listed company. The company savings plan offers its employees a choice among …",https://www.cairn.info/revue-finance-2010-1-page-5.htm,"https://scholar.google.com/scholar?q=related:wxDNFuk3wqcJ:scholar.google.com/&scioq=%220752+6180%22&hl=en&as_sdt=0,5&as_ylo=2008&as_yhi=2023&as_vis=1",21
91,"S Bonini, S Alkan, A Salvi",The effects of venture capitalists on the governance of firms,2012,Corporate Governance: An …,Wiley Online Library,https://onlinelibrary.wiley.com/doi/abs/10.1111/j.1467-8683.2011.00888.x,"https://scholar.google.com/scholar?cites=17429977089580149689&as_sdt=2005&sciodt=0,5&hl=en",20,23/03/2024 21:21,,10.1111/j.1467-8683.2011.00888.x,,,,,,,91,7.58,30,3,12,ABSTRACT Manuscript Type: Empirical Research Question/Issue: What determines venture capitalists influence on the governance of firms? How do venture capitalists shape the …,https://air.unimi.it/bitstream/2434/782428/3/VCGovernanceCorpGovFullRevisedV11finalComplete.pdf,"https://scholar.google.com/scholar?q=related:uSufo9C34_EJ:scholar.google.com/&scioq=&hl=en&as_sdt=2005&sciodt=0,5",22
76,"LAG Da Gbadji, B Gailly, ...",International analysis of venture capital programs of large corporations and financial institutions,2015,Entrepreneurship Theory and Practice,journals.sagepub.com,https://journals.sagepub.com/doi/abs/10.1111/etap.12105,"https://scholar.google.com/scholar?cites=5232668423953143904&as_sdt=2005&sciodt=0,5&hl=en",24,23/03/2024 21:21,,10.1111/etap.12105,,,,,,,76,8.44,25,3,9,"In this article, we investigate what drives large companies (nonfinancial corporations and financial institutions) worldwide to run venture capital (VC) programs, specifically targeting …",https://scholar.archive.org/work/hbanc7zvjjhhjjffo7rvecdzte/access/wayback/http://www.fma.org:80/Atlanta/Papers/FORT500FMA.pdf,"https://scholar.google.com/scholar?q=related:YFghLTUsnkgJ:scholar.google.com/&scioq=&hl=en&as_sdt=2005&sciodt=0,5",23
75,M Humphery-Jenner,"Private equity fund size, investment size, and value creation",2012,Review of Finance,academic.oup.com,https://academic.oup.com/rof/article-abstract/16/3/799/1590806,"https://scholar.google.com/scholar?cites=14046472742080325645&as_sdt=2005&sciodt=0,5&hl=en",25,23/03/2024 21:21,,,,,,,,,75,6.25,75,1,12,This paper examines why large private equity (PE) funds earn lower returns. The article argues that large PE funds are suited to making large investments and small PE funds are …,,"https://scholar.google.com/scholar?q=related:DajnmokY78IJ:scholar.google.com/&scioq=&hl=en&as_sdt=2005&sciodt=0,5",24
169,"W Li, G Rhee, SS Wang",Differences in herding: Individual vs. institutional investors,2017,Pacific-Basin Finance Journal,Elsevier,https://www.sciencedirect.com/science/article/pii/S0927538X16302700,"https://scholar.google.com/scholar?cites=14169958517695803428&as_sdt=2005&sciodt=0,5&hl=en",6,23/03/2024 21:34,,,,,,,,,169,24.14,56,3,7,"Using a trading volume-based measure, we study the differences between institutional and individual investors in herding. First, better-informed institutional investors trade more …",http://www2.hawaii.edu/~rheesg/Published%20Papers/2017/Differences%20in%20herding%20Individual%20vs.%20institutional%20Investors.pdf,"https://scholar.google.com/scholar?q=related:JHBHOTLOpcQJ:scholar.google.com/&scioq=&hl=en&as_sdt=2005&sciodt=0,5",25
110,"S Frey, P Herbst, A Walter",Measuring mutual fund herding–a structural approach,2014,Journal of International Financial Markets …,Elsevier,https://www.sciencedirect.com/science/article/pii/S1042443114000638,"https://scholar.google.com/scholar?cites=16881684134244507005&as_sdt=2005&sciodt=0,5&hl=en",15,23/03/2024 21:34,,,,,,,,,110,11.0,37,3,10,"This paper proposes a methodological improvement to empirical studies of herd behavior based on investor transactions. By developing a simple model of trading behavior, we show …",https://dspace.stir.ac.uk/bitstream/1893/11723/1/Herbst_2012_Measuring_Mutual_Fund_Herding.pdf,"https://scholar.google.com/scholar?q=related:fd3970bKR-oJ:scholar.google.com/&scioq=&hl=en&as_sdt=2005&sciodt=0,5",26
97,"SA Sabir, HB Mohammad, ...",The role of overconfidence and past investment experience in herding behaviour with a moderating effect of financial literacy: evidence from Pakistan stock …,2019,Asian Economic and Social Society,academia.edu,https://www.academia.edu/download/72879728/e098943589c1091d52f7f51974ca0e32c514.pdf,"https://scholar.google.com/scholar?cites=4392375705440484390&as_sdt=2005&sciodt=0,5&hl=en",1,23/03/2024 21:34,PDF,,,,,,,,97,19.4,32,3,5,Contribution/Originality: This study is a pioneer study that examines the influence of financial literacy on the relationship of overconfidence and past investment experience with herding …,https://www.academia.edu/download/72879728/e098943589c1091d52f7f51974ca0e32c514.pdf,"https://scholar.google.com/scholar?q=related:JvzVqm7a9DwJ:scholar.google.com/&scioq=&hl=en&as_sdt=2005&sciodt=0,5",27
181,"I Ducassy, S Montandrau","Corporate social performance, ownership structure, and corporate governance in France",2015,Research in International Business and Finance,Elsevier,https://www.sciencedirect.com/science/article/pii/S0275531915000070,"https://scholar.google.com/scholar?cites=7595272255310184735&as_sdt=2005&sciodt=0,5&hl=en",2,23/03/2024 21:36,,,,,,,,,181,20.11,91,2,9,"Empirical evidence of the influence of shareholders and governance practices on corporate social responsibility (CSR) policies is mixed, and most studies have been conducted in the …",,"https://scholar.google.com/scholar?q=related:H8Ek7t_TZ2kJ:scholar.google.com/&scioq=&hl=en&as_sdt=2005&sciodt=0,5",28
157,"A Michiels, V Molly",Financing decisions in family businesses: A review and suggestions for developing the field,2017,Family Business Review,journals.sagepub.com,https://journals.sagepub.com/doi/abs/10.1177/0894486517736958,"https://scholar.google.com/scholar?cites=7944488208512594185&as_sdt=2005&sciodt=0,5&hl=en",1,23/03/2024 21:36,,10.1177/0894486517736958,,,,,,,157,22.43,79,2,7,"Motivated by the growing attention to the financing decisions of family firms, this review brings together the two highly relevant research fields of family business and finance. This …",https://digital.ffi.org/wp-content/uploads/2017/10/Financing-Decisions-in-Family-Businesses-December-2017.pdf,"https://scholar.google.com/scholar?q=related:CTGsFu99QG4J:scholar.google.com/&scioq=&hl=en&as_sdt=2005&sciodt=0,5",29
68,"M Do?an, F Yildiz",The impact of the board of directors' size on the bank's performance: Evidence from Turkey,2013,European Journal of Business and Management,academia.edu,https://www.academia.edu/download/31072820/The_Impact_of_the_Board_of_Directors_Size_on_the_Banks_Performance.pdf,"https://scholar.google.com/scholar?cites=8283954764384229161&as_sdt=2005&sciodt=0,5&hl=en",3,23/03/2024 21:36,PDF,,,,,,,,68,6.18,34,2,11,The present study investigates the impact of board of directors' size on bank performance on a sample of 12 banks' data that were involved in the Istanbul Stock Exchange (ISE) over the …,https://www.academia.edu/download/31072820/The_Impact_of_the_Board_of_Directors_Size_on_the_Banks_Performance.pdf,"https://scholar.google.com/scholar?q=related:KdeGyveE9nIJ:scholar.google.com/&scioq=&hl=en&as_sdt=2005&sciodt=0,5",30
74,"C Bernard, S Vanduffel",A new approach to assessing model risk in high dimensions,2015,Journal of Banking & Finance,Elsevier,https://www.sciencedirect.com/science/article/pii/S037842661500076X,"https://scholar.google.com/scholar?cites=3185633191431443699&as_sdt=2005&sciodt=0,5&hl=en",2,23/03/2024 21:37,,,,,,,,,74,8.22,37,2,9,A central problem for regulators and risk managers concerns the risk assessment of an aggregate portfolio defined as the sum of d individual dependent risks X i. This problem is …,https://www.soa.org/globalassets/assets/files/resources/essays-monographs/2014-erm-symposium/mono-2014-erm-bernard.pdf,"https://scholar.google.com/scholar?q=related:8xT3Z4KkNSwJ:scholar.google.com/&scioq=&hl=en&as_sdt=2005&sciodt=0,5",31
53,"R Chaudhuri, M Schroder",Monotonicity of the stochastic discount factor and expected option returns,2015,Review of Financial Studies,academic.oup.com,https://academic.oup.com/rfs/article-abstract/28/5/1462/1867968,"https://scholar.google.com/scholar?cites=8194274017146917605&as_sdt=2005&sciodt=0,5&hl=en",6,23/03/2024 21:37,,,,,,,,,53,5.89,27,2,9,"Evidence shows that the stochastic discount factor (SDF) is not always a downward-sloping function of S&P 500 returns when estimated using options data. In contrast, our results …",https://pages.stern.nyu.edu/~dbackus/GE_asset_pricing/disasters/ChaudhuriSchroder%20options%20Feb%2009.PDF,"https://scholar.google.com/scholar?q=related:5VJBsM3ot3EJ:scholar.google.com/&scioq=&hl=en&as_sdt=2005&sciodt=0,5",32
51,"C Bernard, S Vanduffel",Mean–variance optimal portfolios in the presence of a benchmark with applications to fraud detection,2014,European Journal of Operational Research,Elsevier,https://www.sciencedirect.com/science/article/pii/S0377221713005110,"https://scholar.google.com/scholar?cites=3084155915668393964&as_sdt=2005&sciodt=0,5&hl=en",3,23/03/2024 21:37,,,,,,,,,51,5.1,26,2,10,We first study mean–variance efficient portfolios when there are no trading constraints and show that optimal strategies perform poorly in bear markets. We then assume that investors …,https://www.researchgate.net/profile/Steven-Vanduffel/publication/253236179_Mean-Variance_Optimal_Portfolios_in_the_Presence_of_a_Benchmark_with_Applications_to_Fraud_Detection/links/5cf227b392851c4dd01f8308/Mean-Variance-Optimal-Portfolios-in-the-Presence-of-a-Benchmark-with-Applications-to-Fraud-Detection.pdf,"https://scholar.google.com/scholar?q=related:7I9V-XYfzSoJ:scholar.google.com/&scioq=&hl=en&as_sdt=2005&sciodt=0,5",33
278,"R Aggarwal, C Kearney, B Lucey",Gravity and culture in foreign portfolio investment,2012,Journal of Banking & Finance,Elsevier,https://www.sciencedirect.com/science/article/pii/S0378426611002536,"https://scholar.google.com/scholar?cites=18055875478622244615&as_sdt=2005&sciodt=0,5&hl=en",1,23/03/2024 21:38,,,,,,,,,278,23.17,93,3,12,"Using panel regression estimates from the IMF's CPIS survey of foreign debt and equity portfolios across 174 originating and 50 destination countries from 2001 to 2007, we clarify …",https://www.academia.edu/download/30785990/12_JBF_FPI_Culture.pdf,"https://scholar.google.com/scholar?q=related:Bw_3axVbk_oJ:scholar.google.com/&scioq=&hl=en&as_sdt=2005&sciodt=0,5",34
222,"JP Fidrmuc, M Jacob","Culture, agency costs, and dividends",2010,Journal of Comparative Economics,Elsevier,https://www.sciencedirect.com/science/article/pii/S0147596710000260,"https://scholar.google.com/scholar?cites=14088803334820667544&as_sdt=2005&sciodt=0,5&hl=en",2,23/03/2024 21:38,,,,,,,,,222,15.86,111,2,14,This paper presents a culturally rooted agency explanation for differences in dividend payout policies around the world. We conjecture that the social normative nature of culture …,,"https://scholar.google.com/scholar?q=related:mCBTwvx7hcMJ:scholar.google.com/&scioq=&hl=en&as_sdt=2005&sciodt=0,5",35
111,"W Breuer, MO Rieger, KC Soypak",The behavioral foundations of corporate dividend policy a cross-country analysis,2014,Journal of Banking & Finance,Elsevier,https://www.sciencedirect.com/science/article/pii/S0378426614000557,"https://scholar.google.com/scholar?cites=17569198004462154944&as_sdt=2005&sciodt=0,5&hl=en",4,23/03/2024 21:38,,,,,,,,,111,11.1,37,3,10,"We study a model that relates dividend payout policy to behavioral issues based on the ideas of mental accounting. A panel analysis across 29 countries and over 43,000 firm-years …",https://papers.ssrn.com/Sol3/Delivery.cfm/SSRN_ID2078400_code1640670.pdf?abstractid=1804265,"https://scholar.google.com/scholar?q=related:wPR33H9U0vMJ:scholar.google.com/&scioq=&hl=en&as_sdt=2005&sciodt=0,5",36
140,"CM Boucher, J Daníelsson, PS Kouontchou, ...",Risk models-at-risk,2014,Journal of Banking & Finance,Elsevier,https://www.sciencedirect.com/science/article/pii/S0378426614001022,"https://scholar.google.com/scholar?cites=2827931736835550340&as_sdt=2005&sciodt=0,5&hl=en",3,23/03/2024 21:43,,,,,,,,,140,14.0,35,4,10,The experience from the global financial crisis has raised serious concerns about the accuracy of standard risk measures as tools for the quantification of extreme downward …,https://eprints.lse.ac.uk/59299/1/__lse.ac.uk_storage_LIBRARY_Secondary_libfile_shared_repository_Content_System%20Risk%20Center_Discussion%20Papers_dp-8_0.pdf,"https://scholar.google.com/scholar?q=related:hOwif-7UPicJ:scholar.google.com/&scioq=&hl=en&as_sdt=2005&sciodt=0,5",37
98,"D Ziggel, T Berens, GNF Weiß, D Wied",A new set of improved value-at-risk backtests,2014,Journal of Banking & Finance,Elsevier,https://www.sciencedirect.com/science/article/pii/S0378426614002520,"https://scholar.google.com/scholar?cites=4479676357213413227&as_sdt=2005&sciodt=0,5&hl=en",4,23/03/2024 21:43,,,,,,,,,98,9.8,25,4,10,We propose a new set of formal backtests for VaR-forecasts that significantly improve upon existing backtesting procedures. Our new test of unconditional coverage can be used for …,https://www.researchgate.net/profile/Dominik-Wied/publication/302567097_A_new_set_of_improved_value-at-risk_backtests/links/5dd294b1a6fdcc7e138ba955/A-new-set-of-improved-value-at-risk-backtests.pdf,"https://scholar.google.com/scholar?q=related:a99rnOkBKz4J:scholar.google.com/&scioq=&hl=en&as_sdt=2005&sciodt=0,5",38
93,"GS Uddin, JA Hernandez, SJH Shahzad, A Hedström",Multivariate dependence and spillover effects across energy commodities and diversification potentials of carbon assets,2018,Energy Economics,Elsevier,https://www.sciencedirect.com/science/article/pii/S0140988318300513,"https://scholar.google.com/scholar?cites=4885630429590151102&as_sdt=2005&sciodt=0,5&hl=en",2,23/03/2024 21:43,,,,,,,,,93,15.5,23,4,6,"In a first step, we model the multivariate tail dependence structure and spillover effects across energy commodities such as crude oil, natural gas, ethanol, heating oil, coal and …",,"https://scholar.google.com/scholar?q=related:vl-Pk_0-zUMJ:scholar.google.com/&scioq=&hl=en&as_sdt=2005&sciodt=0,5",39
665,"C Revelli, JL Viviani",Financial performance of socially responsible investing (SRI): what have we learned? A meta?analysis,2015,Business Ethics,Wiley Online Library,https://onlinelibrary.wiley.com/doi/abs/10.1111/beer.12076,"https://scholar.google.com/scholar?cites=8812101512277944483&as_sdt=2005&sciodt=0,5&hl=en",1,23/03/2024 21:49,,10.1111/beer.12076,,,,,,,665,73.89,333,2,9,"With a meta?analysis of 85 studies and 190 experiments, the authors test the relationship between socially responsible investing (SRI) and financial performance to determine …",https://www.academia.edu/download/51253528/Financial_performance_of_socially_respon20170108-1649-t6ub9c.pdf,"https://scholar.google.com/scholar?q=related:o2gCDKPfSnoJ:scholar.google.com/&scioq=&hl=en&as_sdt=2005&sciodt=0,5",40
150,M Benlemlih,Corporate social responsibility and dividend policy,2019,Research in International Business and Finance,Elsevier,https://www.sciencedirect.com/science/article/pii/S0275531918301685,"https://scholar.google.com/scholar?cites=5504142506643229457&as_sdt=2005&sciodt=0,5&hl=en",3,23/03/2024 21:49,,,,,,,,,150,30.0,150,1,5,"Using a sample of 22,839 US firm-year observations over the 1991–2012 period, we find that high CSR firms pay more dividends than low CSR firms. The analysis of individual …",,"https://scholar.google.com/scholar?q=related:EQuZlXKkYkwJ:scholar.google.com/&scioq=&hl=en&as_sdt=2005&sciodt=0,5",41
118,M Benlemlih,Corporate social responsibility and firm debt maturity,2017,Journal of Business Ethics,Springer,https://link.springer.com/article/10.1007/s10551-015-2856-1,"https://scholar.google.com/scholar?cites=653129346561880760&as_sdt=2005&sciodt=0,5&hl=en",5,23/03/2024 21:49,,10.1007/s10551-015-2856-1,,,,,,,118,16.86,118,1,7,"In this article, we extend the streams of research on the capital structure of socially responsible firms by investigating the impact of corporate social responsibility (CSR) on firm …",,"https://scholar.google.com/scholar?q=related:uDI0Jq5hEAkJ:scholar.google.com/&scioq=&hl=en&as_sdt=2005&sciodt=0,5",42
197,"J Gilligan, M Wright",Private equity demystified: An explanatory guide,2020,Private Equity Demystified: An Explanatory Guide,books.google.com,https://books.google.com/books?hl=en&lr=&id=GocEEAAAQBAJ&oi=fnd&pg=PP1&ots=iv7e6eM2ce&sig=MgO20CdYyOtPSKEU5_ovoxOw-bM,"https://scholar.google.com/scholar?cites=14165862543212248891&as_sdt=2005&sciodt=0,5&hl=en",3,23/03/2024 21:50,BOOK,,,,,,,,197,49.25,99,2,4,"This book deals with risk capital provided for established firms outside the stock market, private equity, which has grown rapidly over the last three decades, yet is largely poorly …",https://www.psers.pa.gov/About/Investment/Documents/PPMAIRC%202018/18%20Private%20equity%20demystified.pdf,"https://scholar.google.com/scholar?q=related:O38t2e1Al8QJ:scholar.google.com/&scioq=&hl=en&as_sdt=2005&sciodt=0,5",43
184,"N Wilson, M Wright, DS Siegel, L Scholes",Private equity portfolio company performance during the global recession,2012,Journal of Corporate Finance,Elsevier,https://www.sciencedirect.com/science/article/pii/S0929119911001258,"https://scholar.google.com/scholar?cites=17913810011257134660&as_sdt=2005&sciodt=0,5&hl=en",2,23/03/2024 21:50,,,,,,,,,184,15.33,46,4,12,"We assess the recent economic and financial performance of UK private equity (PE) backed buyouts. Our empirical evidence, which is based on thousands of transactions, reveals that …",https://www.academia.edu/download/96444283/j.jcorpfin.2011.11.00820221227-1-2d7sxw.pdf,"https://scholar.google.com/scholar?q=related:RF7RNkujmvgJ:scholar.google.com/&scioq=&hl=en&as_sdt=2005&sciodt=0,5",44
128,"P Crifo, VD Forget","Think global, invest responsible: Why the private equity industry goes green",2013,Journal of Business Ethics,Springer,https://link.springer.com/article/10.1007/s10551-012-1443-y,"https://scholar.google.com/scholar?cites=12924014063173389458&as_sdt=2005&sciodt=0,5&hl=en",4,23/03/2024 21:50,,10.1007/s10551-012-1443-y,,,,,,,128,11.64,64,2,11,The growth of socially responsible investment (SRI) on public financial markets has drawn considerable academic attention over the last decade. Discarding from the previous …,https://hal.science/hal-00672034/document,"https://scholar.google.com/scholar?q=related:kkya61BSW7MJ:scholar.google.com/&scioq=&hl=en&as_sdt=2005&sciodt=0,5",45
170,"B Jacquillat, B Solnik, C Pérignon",Marchés financiers-6e éd: Gestion de portefeuille et des risques,2014,,books.google.com,https://books.google.com/books?hl=en&lr=&id=jEsjAwAAQBAJ&oi=fnd&pg=PP3&ots=zu9lf3mnAd&sig=vEZOFU4izQy1ADdKr_5K4KfIZVk,"https://scholar.google.com/scholar?cites=17430245226739972454&as_sdt=2005&sciodt=0,5&hl=en",7,23/03/2024 21:50,BOOK,,,,,,,,170,17.0,57,3,10,"Cet ouvrage présente les concepts et les techniques modernes d'analyse des marchés financiers, leurs applications à la gestion de portefeuille et, plus globalement, à la gestion …",,"https://scholar.google.com/scholar?q=related:ZrnIL6-r5PEJ:scholar.google.com/&scioq=&hl=en&as_sdt=2005&sciodt=0,5",46
66,"DW Richards, J Rutterford, D Kodwani, ...",Stock market investors' use of stop losses and the disposition effect,2017,The European Journal of Finance ,Taylor &Francis,https://www.tandfonline.com/doi/abs/10.1080/1351847X.2015.1048375,"https://scholar.google.com/scholar?cites=16113343566968938801&as_sdt=2005&sciodt=0,5&hl=en",3,23/03/2024 21:50,,10.1080/1351847X.2015.1048375,,,,,,,66,9.43,17,4,7,The disposition effect is an investment bias where investors hold stocks at a loss longer than stocks at a gain. This bias is associated with poorer investment performance and exhibited …,https://oro.open.ac.uk/44069/1/stoplosses-prepub.pdf,"https://scholar.google.com/scholar?q=related:MWECHZoYnt8J:scholar.google.com/&scioq=&hl=en&as_sdt=2005&sciodt=0,5",47
65,V Berthet,The impact of cognitive biases on professionals' decision-making: A review of four occupational areas,2022,Frontiers in Psychology,frontiersin.org,https://www.frontiersin.org/journals/psychology/articles/10.3389/fpsyg.2021.802439/full,"https://scholar.google.com/scholar?cites=11209447718724623831&as_sdt=2005&sciodt=0,5&hl=en",1,23/03/2024 21:50,HTML,10.3389/fpsyg.2021.802439,,,,,,,65,32.5,65,1,2,"The author reviewed the research on the impact of cognitive biases on professionals' decision-making in four occupational areas (management, finance, medicine, and law). Two …",https://www.frontiersin.org/journals/psychology/articles/10.3389/fpsyg.2021.802439/full,"https://scholar.google.com/scholar?q=related:193kWk_1j5sJ:scholar.google.com/&scioq=&hl=en&as_sdt=2005&sciodt=0,5",48
87,"R Dang, AF Bender, MJ Scotto",Women on French corporate board of directors: How do they differ from their male counterparts?,2014,Journal of Applied Business Research,clutejournals.com,https://www.clutejournals.com/index.php/JABR/article/view/8420,"https://scholar.google.com/scholar?cites=2532631767761811580&as_sdt=2005&sciodt=0,5&hl=en",5,07/04/2024 16:19,,,,,,,,,87,8.7,29,3,10,"Our research aims at exploring individuals characteristics of women on Boards in the French context. In the first part of our paper, we discuss the different theoretical frameworks which …",https://www.clutejournals.com/index.php/JABR/article/download/8420/8439,"https://scholar.google.com/scholar?q=related:fPhPoCy3JSMJ:scholar.google.com/&scioq=&hl=en&as_sdt=2005&sciodt=0,5",49
69,"A Kouaib, A Jarboui",Real earnings management in innovative firms: does CEO profile make a difference?,2016,Journal of Behavioral and Experimental Finance,Elsevier,https://www.sciencedirect.com/science/article/pii/S2214635016300417,"https://scholar.google.com/scholar?cites=1200572806554417270&as_sdt=2005&sciodt=0,5&hl=en",3,07/04/2024 16:19,,,,,,,,,69,8.63,35,2,8,The purpose of this paper is to determine and test the effect of CEO profile including behavioral biases and demographic traits on the level of real-based earnings management …,,"https://scholar.google.com/scholar?q=related:dnirTZtKqRAJ:scholar.google.com/&scioq=&hl=en&as_sdt=2005&sciodt=0,5",50
45,"M Akbar, S Hussain, T Ahmad, S Hassan",Corporate governance and firm performance in Pakistan: Dynamic panel estimation,2020,,open-access.bcu.ac.uk,https://www.open-access.bcu.ac.uk/10371/,"https://scholar.google.com/scholar?cites=16989005374401181668&as_sdt=2005&sciodt=0,5&hl=en",1,07/04/2024 16:19,,,,,,,,,45,11.25,11,4,4,"The purpose of this research is to analyze the association between corporate governance and firm performance. Specifically, it examines the impact of CEO duality on board …",https://www.open-access.bcu.ac.uk/10371/1/20201109_Akbar_et_al_CAFE_6_Corporate%20Governance%20and%20Firm%20Performance%20in%20Pakistan.pdf,"https://scholar.google.com/scholar?q=related:5HdiXGASxesJ:scholar.google.com/&scioq=&hl=en&as_sdt=2005&sciodt=0,5",51
73,"M Brière, A Szafarz",Does commercial microfinance belong to the financial sector? Lessons from the stock market,2015,World Development,Elsevier,https://www.sciencedirect.com/science/article/pii/S0305750X14003015,"https://scholar.google.com/scholar?cites=16394399537167892247&as_sdt=2005&sciodt=0,5&hl=en",2,07/04/2024 15:20,,,,,,,,,73,8.11,37,2,9,This paper is the first to draw a global picture of worldwide microfinance equity by taking full advantage of daily quoted prices. We revisit previous findings showing that investors should …,https://hal.science/hal-01491987/document,"https://scholar.google.com/scholar?q=related:F3-4joSbhOMJ:scholar.google.com/&scioq=&hl=en&as_sdt=2005&sciodt=0,5",52
58,GB Koumou,Diversification and portfolio theory: a review,2020,Financial Markets and Portfolio Management,Springer,https://link.springer.com/article/10.1007/s11408-020-00352-6,"https://scholar.google.com/scholar?cites=10035448504181257239&as_sdt=2005&sciodt=0,5&hl=en",1,07/04/2024 15:20,,10.1007/s11408-020-00352-6,,,,,,,58,14.5,58,1,4,"Diversification is one of the major components of investment decision-making under risk or uncertainty. However, paradoxically, as the 2007–2009 financial crisis revealed, the concept …",,"https://scholar.google.com/scholar?q=related:F_RylT4TRYsJ:scholar.google.com/&scioq=&hl=en&as_sdt=2005&sciodt=0,5",53
20,"M Briere, A Szafarz",Factor investing: The rocky road from long-only to long-short,2017,Factor Investing,Elsevier,https://www.sciencedirect.com/science/article/pii/B9781785482014500027,"https://scholar.google.com/scholar?cites=15458596644944809558&as_sdt=2005&sciodt=0,5&hl=en",4,07/04/2024 15:20,,,,,,,,,20,2.86,10,2,7,Factor investing has emerged from the asset management world as the new paradigm for long-term investment. It attracted fresh interest after the publication of a report on active …,https://www.researchgate.net/profile/Ariane-Szafarz/publication/314949628_Factor_Investing_The_Rocky_Road_from_Long_Only_to_Long_Short/links/598b780b0f7e9b07d21f6906/Factor-Investing-The-Rocky-Road-from-Long-Only-to-Long-Short.pdf,"https://scholar.google.com/scholar?q=related:Vg770773h9YJ:scholar.google.com/&scioq=&hl=en&as_sdt=2005&sciodt=0,5",54
124,"R Jain, P Jain, C Jain",Behavioral Biases in the Decision Making of Individual Investors.,2015,IUP Journal of Knowledge …,search.ebscohost.com,https://search.ebscohost.com/login.aspx?direct=true&profile=ehost&scope=site&authtype=crawler&jrnl=09729216&AN=108710890&h=YDtHlqOtZTF7Ar5Z9p5sTMp7H%2BzwbxWy8n%2F7kRaXqx508FcwnThbs%2F4ANFTIlsN6OzvAE8LBFt53tYsVcyiA4Q%3D%3D&crl=c,"https://scholar.google.com/scholar?cites=16089308573311791469&as_sdt=2005&sciodt=0,5&hl=en",1,07/04/2024 15:20,,,,,,,,,124,13.78,41,3,9,"In earlier research, it has been discovered that contrary to the assumptions and theories of conventional finance, many irrational behaviors related to investment judgment occur in real …",,"https://scholar.google.com/scholar?q=related:bXHlEee0SN8J:scholar.google.com/&scioq=&hl=en&as_sdt=2005&sciodt=0,5",55
67,"E Eckhaus, Z Sheaffer",Managerial hubris detection: the case of Enron,2018,Risk Management,Springer,https://link.springer.com/article/10.1057/s41283-018-0037-0,"https://scholar.google.com/scholar?cites=364501597994099599&as_sdt=2005&sciodt=0,5&hl=en",2,07/04/2024 15:20,,10.1057/s41283-018-0037-0,,,,,,,67,11.17,34,2,6,"Hubris is a known risk for leadership failure. We show that hubristic tendencies can be detected semantically ex-ante in textual reports, and offer a novel methodology aimed at …",https://www.researchgate.net/profile/Zachary-Sheaffer/publication/324433070_Managerial_hubris_detection_the_case_of_Enron/links/5c6f81f8a6fdcc471591a979/Managerial-hubris-detection-the-case-of-Enron.pdf?_sg%5B0%5D=started_experiment_milestone&_sg%5B1%5D=started_experiment_milestone&origin=journalDetail,"https://scholar.google.com/scholar?q=related:jyOArEX4DgUJ:scholar.google.com/&scioq=&hl=en&as_sdt=2005&sciodt=0,5",56
26,"SF Shah, MT Alshurideh, A Al-Dmour…",Understanding the influences of cognitive biases on financial decision making during normal and COVID-19 pandemic situation in the United Arab Emirates,2021,The Effect of Coronavirus Disease (COVID-19) on Business Intelligence,Springer,https://link.springer.com/chapter/10.1007/978-3-030-67151-8_15,"https://scholar.google.com/scholar?cites=9441610293871736134&as_sdt=2005&sciodt=0,5&hl=en",3,07/04/2024 15:20,,10.1007/978-3-030-67151-8_15,,,,,,,26,8.67,7,4,3,"The purpose of the study is to identify the effects of behavioral/psychological factors ie overconfidence, anchoring bias, loss aversion, herding effect on financial decision making …",https://www.academia.edu/download/66190745/Springer_Book_Chapter_.pdf,"https://scholar.google.com/scholar?q=related:RnXl2YlWB4MJ:scholar.google.com/&scioq=&hl=en&as_sdt=2005&sciodt=0,5",57
126,"M Adusei, EYT Obeng",Board gender diversity and the capital structure of microfinance institutions: A global analysis,2019,Quarterly Review of Economics and Finance,Elsevier,https://www.sciencedirect.com/science/article/pii/S1062976918301169,"https://scholar.google.com/scholar?cites=1553600228585514580&as_sdt=2005&sciodt=0,5&hl=en",1,07/04/2024 15:21,,,,,,,,,126,25.2,63,2,5,"As far as we know, the question of whether increasing gender diversity on boards of microfinance institutions carries any implications for their financing decisions has not been …",https://www.academia.edu/download/58697741/adusei_band_obeng_2019.pdf,"https://scholar.google.com/scholar?q=related:VCbOMy1_jxUJ:scholar.google.com/&scioq=&hl=en&as_sdt=2005&sciodt=0,5",58
97,H Tchakoute Tchuigoua,Capital structure of microfinance institutions,2015,Journal of Financial Services Research,Springer,https://link.springer.com/article/10.1007/s10693-013-0190-2,"https://scholar.google.com/scholar?cites=3346852693028357732&as_sdt=2005&sciodt=0,5&hl=en",3,07/04/2024 15:21,,10.1007/s10693-013-0190-2,,,,,,,97,10.78,97,1,9,This article seeks to answer two questions. What drives the capital structure of microfinance institutions? Does the effect of variables at the microfinance institution's level vary …,,"https://scholar.google.com/scholar?q=related:ZMaDu8poci4J:scholar.google.com/&scioq=&hl=en&as_sdt=2005&sciodt=0,5",59
21,?? ????????,????? ??? ????????? ?????? ? ???????? ???????????????????,2020,Russian Journal of Economics and Law,cyberleninka.ru,https://cyberleninka.ru/article/n/audit-mer-podderzhki-malogo-i-srednego-predprinimatelstva,"https://scholar.google.com/scholar?cites=9004727159036301198&as_sdt=2005&sciodt=0,5&hl=en",5,07/04/2024 15:21,HTML,,,,,,,,21,5.25,21,1,4,"????: ???????????? ???????? ??????? ????????????????-????????? ?????????, ?????????????? ??????????? ?????????? ??? ????????? ????????? ?????? ? …",https://cyberleninka.ru/article/n/audit-mer-podderzhki-malogo-i-srednego-predprinimatelstva,"https://scholar.google.com/scholar?q=related:js-rXaQ393wJ:scholar.google.com/&scioq=&hl=en&as_sdt=2005&sciodt=0,5",60
102,"L Ballotta, E Bonfiglioli",Multivariate asset models using Lévy processes and applications,2016,The European Journal of Finance,Taylor &Francis,https://www.tandfonline.com/doi/abs/10.1080/1351847X.2013.870917,"https://scholar.google.com/scholar?cites=14392047445612040004&as_sdt=2005&sciodt=0,5&hl=en",1,07/04/2024 15:22,,10.1080/1351847X.2013.870917,,,,,,,102,12.75,51,2,8,"In this paper, we propose a multivariate asset model based on Lévy processes for pricing of products written on more than one underlying asset. Our construction is based on a two …",https://openaccess.city.ac.uk/id/eprint/3936/1/,"https://scholar.google.com/scholar?q=related:RA9GQubSuscJ:scholar.google.com/&scioq=&hl=en&as_sdt=2005&sciodt=0,5",61
33,"S Crépey, M Dixon",Gaussian process regression for derivative portfolio modeling and application to CVA computations,2019,,,https://arxiv.org/abs/1901.11081,"https://scholar.google.com/scholar?cites=14720598720877689261&as_sdt=2005&sciodt=0,5&hl=en",2,07/04/2024 15:22,,,,,,,,,33,6.6,17,2,5,Modeling counterparty risk is computationally challenging because it requires the simultaneous evaluation of all the trades with each counterparty under both market and …,https://arxiv.org/pdf/1901.11081,"https://scholar.google.com/scholar?q=related:rfn7JosSSswJ:scholar.google.com/&scioq=&hl=en&as_sdt=2005&sciodt=0,5",62
24,"L Ballotta, G Fusai, D Marazzina",Integrated structural approach to credit value adjustment,2019,European Journal of Operational Research,Elsevier,https://www.sciencedirect.com/science/article/pii/S0377221718306313,"https://scholar.google.com/scholar?cites=13340372594153830208&as_sdt=2005&sciodt=0,5&hl=en",4,07/04/2024 15:22,,,,,,,,,24,4.8,8,3,5,"This paper proposes an integrated pricing framework for Credit Value Adjustment of equity and commodity products. The given framework, in fact, generates dependence …",https://re.public.polimi.it/bitstream/11311/1066977/2/CVA_draft_2018%2BAppendix.pdf,"https://scholar.google.com/scholar?q=related:QDflrTGGIrkJ:scholar.google.com/&scioq=&hl=en&as_sdt=2005&sciodt=0,5",63
202,"N Hermes, M Hudon",Determinants of the performance of microfinance institutions: A systematic review,2019,Contemporary Topics in Finance: A Collection of Literature Surveys,Wiley Online Library,https://onlinelibrary.wiley.com/doi/abs/10.1002/9781119565178.ch10,"https://scholar.google.com/scholar?cites=15449084775645994291&as_sdt=2005&sciodt=0,5&hl=en",1,07/04/2024 15:22,,10.1002/9781119565178.ch10,,,,,,,202,40.4,101,2,5,This chapter focuses on the literature that discusses the performance of microfinance institutions (MFIs). It provides a systematic overview of research that analyses the …,https://research.rug.nl/files/61956272/2018008_EEF_def.pdf,"https://scholar.google.com/scholar?q=related:M11GLcAsZtYJ:scholar.google.com/&scioq=&hl=en&as_sdt=2005&sciodt=0,5",64
46,"H Tchakoute-Tchuigoua, I Soumaré",The effect of loan approval decentralization on microfinance institutions' outreach and loan portfolio quality,2019,Journal of Business Research,Elsevier,https://www.sciencedirect.com/science/article/pii/S0148296318304715,"https://scholar.google.com/scholar?cites=14064390357842437678&as_sdt=2005&sciodt=0,5&hl=en",4,07/04/2024 15:22,,,,,,,,,46,9.2,23,2,5,"We study the impact of loan approval decentralization on MFI portfolio quality and outreach, and the effects of alignment mechanisms when loan officers combine information production …",,"https://scholar.google.com/scholar?q=related:LqagnYPALsMJ:scholar.google.com/&scioq=&hl=en&as_sdt=2005&sciodt=0,5",65
23,M Adusei,The liquidity risk–financial performance nexus: Evidence from hybrid financial institutions,2022,Managerial and Decision Economics,Wiley Online Library,https://onlinelibrary.wiley.com/doi/abs/10.1002/mde.3357,"https://scholar.google.com/scholar?cites=6224388650832672734&as_sdt=2005&sciodt=0,5&hl=en",3,07/04/2024 15:22,,10.1002/mde.3357,,,,,,,23,11.5,23,1,2,This paper uses a sample of 532 microfinance institutions (MFIs) in 73 countries to investigate the effect of liquidity risk on the financial performance of MFIs and also enquires …,https://www.academia.edu/download/81383534/LIQUIDITY_PAPER_2022.pdf,"https://scholar.google.com/scholar?q=related:3rfa7H94YVYJ:scholar.google.com/&scioq=&hl=en&as_sdt=2005&sciodt=0,5",66
58,"BS Meiselman, S Nagel, A Purnanandam",Judging banks' risk by the profits they report,2023,NBER,nber.org,https://www.nber.org/papers/w31635,"https://scholar.google.com/scholar?cites=10721289083925080060&as_sdt=2005&sciodt=0,5&hl=en",1,07/04/2024 15:22,,,,,,,,,58,58.0,19,3,1,"In competitive capital markets, risky debt claims that offer high yields in good times have high systematic risk exposure in bad times. We apply this idea to bank risk measurement …",https://www.nber.org/system/files/working_papers/w31635/w31635.pdf,"https://scholar.google.com/scholar?q=related:_KegNZ6ryZQJ:scholar.google.com/&scioq=&hl=en&as_sdt=2005&sciodt=0,5",67
25,"BW Kori, S Muathe, SM Maina",Financial and non-financial measures in evaluating Performance: the role of strategic intelligence in the context of commercial banks in Kenya,2020,International Business Research,pdfs.semanticscholar.org,https://pdfs.semanticscholar.org/b9c9/92610c211d89df09b6f5ce4c28223efa564f.pdf,"https://scholar.google.com/scholar?cites=3265049803764201334&as_sdt=2005&sciodt=0,5&hl=en",2,07/04/2024 15:22,PDF,,,,,,,,25,6.25,8,3,4,"This study provides comprehensive discussion on role of strategic intelligence in commercial banks, in Kenyan context. The primary focus was to evaluate the performance of …",https://pdfs.semanticscholar.org/b9c9/92610c211d89df09b6f5ce4c28223efa564f.pdf,"https://scholar.google.com/scholar?q=related:dvdSX3_JTy0J:scholar.google.com/&scioq=&hl=en&as_sdt=2005&sciodt=0,5",68
6,"A Aytaç Emin, B Dalg?ç, T Azrak",Constructing a banking fragility index for Islamic banks: definition impact on the predictive power of an early warning system,2021,Applied Economics Letters,Taylor &Francis,https://www.tandfonline.com/doi/abs/10.1080/13504851.2020.1834497,"https://scholar.google.com/scholar?cites=5865290713581100502&as_sdt=2005&sciodt=0,5&hl=en",4,07/04/2024 15:22,,10.1080/13504851.2020.1834497,,,,,,,6,2.0,2,3,3,This study aims to construct a banking sector fragility index for Islamic banks that gives substantial predictive power results. We develop various banking sector fragility indices …,https://www.researchgate.net/profile/Tawfik-Azrak/publication/344768137_Constructing_a_banking_fragility_index_for_Islamic_banks_definition_impact_on_the_predictive_power_of_an_early_warning_system/links/62d121c8eb4df71b51b04117/Constructing-a-banking-fragility-index-for-Islamic-banks-definition-impact-on-the-predictive-power-of-an-early-warning-system.pdf,"https://scholar.google.com/scholar?q=related:1h1mD9SyZVEJ:scholar.google.com/&scioq=&hl=en&as_sdt=2005&sciodt=0,5",69
175,"C Marquardt, E Zur",The role of accounting quality in the M&A market,2015,Management Science,pubsonline.informs.org,https://pubsonline.informs.org/doi/abs/10.1287/mnsc.2013.1873,"https://scholar.google.com/scholar?cites=14056816481545832733&as_sdt=2005&sciodt=0,5&hl=en",1,07/04/2024 15:23,,10.1287/mnsc.2013.1873,,,,,,,175,19.44,88,2,9,We examine the role of target firms' accounting quality in the merger and acquisition process. We predict that target firm accounting quality will be positively associated with (1) …,,"https://scholar.google.com/scholar?q=related:HUllHx3YE8MJ:scholar.google.com/&scioq=&hl=en&as_sdt=2005&sciodt=0,5",70
43,"JP Fidrmuc, C Xia",M&A deal initiation and managerial motivation,2019,Journal of Corporate Finance,Elsevier,https://www.sciencedirect.com/science/article/pii/S0929119917300639,"https://scholar.google.com/scholar?cites=2906368354648403528&as_sdt=2005&sciodt=0,5&hl=en",3,07/04/2024 15:23,,,,,,,,,43,8.6,22,2,5,This paper contributes to our understanding of managers' motivations for initiating the sale of their company. Using a sample of 1098 publicly-listed US target firms with completed deals …,https://www.researchgate.net/profile/Jana-Fidrmuc/publication/314696583_MA_Deal_Initiation_and_Managerial_Motivation/links/6408a3890cf1030a5683dc31/M-A-Deal-Initiation-and-Managerial-Motivation.pdf,"https://scholar.google.com/scholar?q=related:SC5BtZ5-VSgJ:scholar.google.com/&scioq=&hl=en&as_sdt=2005&sciodt=0,5",71
34,"GW Eaton, T Liu, MS Officer",Rethinking measures of mergers &acquisitions deal premiums,2021,Journal of Financial and Quantitative …,cambridge.org,https://www.cambridge.org/core/journals/journal-of-financial-and-quantitative-analysis/article/rethinking-measures-of-ma-deal-premiums/D7EA157BE0AB40FD8E1951185A57B527,"https://scholar.google.com/scholar?cites=5772905973013217328&as_sdt=2005&sciodt=0,5&hl=en",2,07/04/2024 15:23,,,,,,,,,34,11.33,11,3,3,"Many academic studies use fixed preannouncement event days (eg,-20,-42, or-63) to measure takeover premiums. In this paper, we show that the use of traditional fixed windows …",,"https://scholar.google.com/scholar?q=related:MAAvc2V7HVAJ:scholar.google.com/&scioq=&hl=en&as_sdt=2005&sciodt=0,5",72
65,"H Naffa, M Fain",Performance measurement of ESG-themed megatrend investments in global equity markets using pure factor portfolios methodology,2020,PloS One,journals.plos.org,https://journals.plos.org/plosone/article?id=10.1371/journal.pone.0244225,"https://scholar.google.com/scholar?cites=2915564785180420955&as_sdt=2005&sciodt=0,5&hl=en",1,07/04/2024 15:24,HTML,,,,,,,,65,16.25,33,2,4,"ESG factors are becoming mainstream in portfolio investment strategies, attracting increasing fund inflows from investors who are aligning their investment values to …",https://journals.plos.org/plosone/article?id=10.1371/journal.pone.0244225,"https://scholar.google.com/scholar?q=related:WytRjLkqdigJ:scholar.google.com/&scioq=&hl=en&as_sdt=2005&sciodt=0,5",73
58,RN Killins,"Firm-specific, industry-specific and macroeconomic factors of life insurers' profitability: Evidence from Canada",2020,The North American Journal of Economics and Finance,Elsevier,https://www.sciencedirect.com/science/article/pii/S1062940819300713,"https://scholar.google.com/scholar?cites=2994754711930327214&as_sdt=2005&sciodt=0,5&hl=en",2,07/04/2024 15:24,,,,,,,,,58,14.5,58,1,4,"The purpose of this study is to examine the effects of firm-specific, industry-specific and macroeconomic factors on the performance of life insurance firms. This study focuses on the …",,"https://scholar.google.com/scholar?q=related:rtAIKouBjykJ:scholar.google.com/&scioq=&hl=en&as_sdt=2005&sciodt=0,5",74
29,"FÉ Racicot, WF Rentz, D Tessier, R Theoret",The conditional Fama-French model and endogenous illiquidity: A robust instrumental variables test,2019,PloS One,journals.plos.org,https://journals.plos.org/plosone/article?id=10.1371/journal.pone.0221599,"https://scholar.google.com/scholar?cites=4276313181526853753&as_sdt=2005&sciodt=0,5&hl=en",6,07/04/2024 15:24,HTML,,,,,,,,29,5.8,7,4,5,"We investigate conditional specifications of the five-factor Fama-French (FF) model, augmented with traditional illiquidity measures. The motivation for this time-varying …",https://journals.plos.org/plosone/article?id=10.1371/journal.pone.0221599,"https://scholar.google.com/scholar?q=related:eYg6hS6EWDsJ:scholar.google.com/&scioq=&hl=en&as_sdt=2005&sciodt=0,5",75
82,"F Baldi, A Pandimiglio",The role of ESG scoring and greenwashing risk in explaining the yields of green bonds: A conceptual framework and an econometric analysis,2022,Global Finance Journal,Elsevier,https://www.sciencedirect.com/science/article/pii/S1044028322000138,"https://scholar.google.com/scholar?cites=4561121343901527912&as_sdt=2005&sciodt=0,5&hl=en",1,07/04/2024 15:24,,,,,,,,,82,41.0,41,2,2,This article aims to investigate the factors that most influence the yields of public sector and corporate green bonds besides those conveyed by the conventional finance theory (eg …,https://cris.unibo.it/bitstream/11585/947074/3/Role_of_ESG_Scoring.pdf,"https://scholar.google.com/scholar?q=related:aO-zSLJbTD8J:scholar.google.com/&scioq=&hl=en&as_sdt=2005&sciodt=0,5",76
10,"P Li, H Zhang, Y Yuan, A Hao",Time-varying impacts of carbon price drivers in the EU ETS: a TVP-VAR analysis,2021,Frontiers in Environmental Science,frontiersin.org,https://www.frontiersin.org/articles/10.3389/fenvs.2021.651791/full,"https://scholar.google.com/scholar?cites=1289692153765620014&as_sdt=2005&sciodt=0,5&hl=en",2,07/04/2024 15:24,HTML,10.3389/fenvs.2021.651791,,,,,,,10,3.33,3,4,3,This study analyzes the impacts of different drivers on the pricing of EU carbon futures in various periods by using the time-varying parameter vector autoregressive (TVP-VAR) …,https://www.frontiersin.org/articles/10.3389/fenvs.2021.651791/full,"https://scholar.google.com/scholar?q=related:LunORi7o5REJ:scholar.google.com/&scioq=&hl=en&as_sdt=2005&sciodt=0,5",77
5,"A Ortolano, E Angelini",Green bonds capital returns: the impact of market and macroeconomic variables,2021,Contemporary Issues in Sustainable Finance,Springer,https://link.springer.com/chapter/10.1007/978-3-030-65133-6_4,"https://scholar.google.com/scholar?cites=10052406602924329087&as_sdt=2005&sciodt=0,5&hl=en",7,07/04/2024 15:24,,10.1007/978-3-030-65133-6_4,,,,,,,5,1.67,3,2,3,"This chapter is an investigation on the determinants of Green Bonds capital returns, with a focus on market and macroeconomic variables. These instruments are showing an …",,"https://scholar.google.com/scholar?q=related:f4gYoYtSgYsJ:scholar.google.com/&scioq=&hl=en&as_sdt=2005&sciodt=0,5",78
148,"A Bellofatto, C D'Hondt, R De Winne",Subjective financial literacy and retail investors' behavior,2018,Journal of Banking & Finance,Elsevier,https://www.sciencedirect.com/science/article/pii/S0378426618300980,"https://scholar.google.com/scholar?cites=9283828388583390688&as_sdt=2005&sciodt=0,5&hl=en",1,07/04/2024 15:24,,,,,,,,,148,24.67,49,3,6,"This paper investigates the relationship between subjective financial literacy, ie self-reported by investors, and trading behavior. In particular, we use the level of financial knowledge and …",https://dial.uclouvain.be/pr/boreal/object/boreal%3A196459/datastream/PDF_01/view,"https://scholar.google.com/scholar?q=related:4D0zSbvI1oAJ:scholar.google.com/&scioq=&hl=en&as_sdt=2005&sciodt=0,5",79
49,"S Talwar, M Talwar, V Tarjanne…",Why retail investors traded equity during the pandemic? An application of artificial neural networks to examine behavioral biases,2021,Psychology & Marketing,Wiley Online Library,https://onlinelibrary.wiley.com/doi/abs/10.1002/mar.21550,"https://scholar.google.com/scholar?cites=12462445954173453259&as_sdt=2005&sciodt=0,5&hl=en",2,07/04/2024 15:24,,10.1002/mar.21550,,,,,,,49,16.33,12,4,3,"Behavioral biases are known to influence the investment decisions of retail investors. Indeed, extant research has revealed interesting findings in this regard. However, the …",https://onlinelibrary.wiley.com/doi/pdf/10.1002/mar.21550,"https://scholar.google.com/scholar?q=related:y0MDA5GA86wJ:scholar.google.com/&scioq=&hl=en&as_sdt=2005&sciodt=0,5",80
6,"O Corneille, R De Winne, C D'hondt",The disposition effect does not survive disclosure of expected price trends,2018,Journal of Behavioral and Experimental Finance,Elsevier,https://www.sciencedirect.com/science/article/pii/S2214635018301795,"https://scholar.google.com/scholar?cites=4315582665410418911&as_sdt=2005&sciodt=0,5&hl=en",3,07/04/2024 15:24,,,,,,,,,6,1.0,2,3,6,The disposition effect (DE) consists in investors' preference for realizing gains over losses. One DE account suggests that this bias stems from a belief in mean-reverting prices. This …,https://www.researchgate.net/profile/Catherine-Dhondt/publication/327393838_The_disposition_effect_does_not_survive_disclosure_of_expected_price_trends/links/5b8cf47192851c1e124413f5/The-disposition-effect-does-not-survive-disclosure-of-expected-price-trends.pdf,"https://scholar.google.com/scholar?q=related:3xifupEH5DsJ:scholar.google.com/&scioq=&hl=en&as_sdt=2005&sciodt=0,5",81
23,"M Caramelli, EJ Carberry",Understanding employee preferences for investing in employer stock: evidence from F rance,2014,Human Resource Management Journal,Wiley Online Library,https://onlinelibrary.wiley.com/doi/abs/10.1111/1748-8583.12057,"https://scholar.google.com/scholar?cites=116447305574122013&as_sdt=2005&sciodt=0,5&hl=en",1,07/04/2024 15:25,,10.1111/1748-8583.12057,,,,,,,23,2.3,12,2,10,"In this article, we broaden the focus of existing research on employee stock purchase plans by analysing employee preferences for investing in employer stock as a construct distinct …",https://www.academia.edu/download/35969898/Caramelli_and_Carberry_2014_-_Employee_Preferences_for_Employer_Stock.pdf,"https://scholar.google.com/scholar?q=related:HQLMGzW0nQEJ:scholar.google.com/&scioq=&hl=en&as_sdt=2005&sciodt=0,5",82
20,"T Rapp, N Aubert",Bank employee incentives and stock purchase plans participation,2011,Journal of Financial Services Research,Springer,https://link.springer.com/article/10.1007/s10693-011-0104-0,"https://scholar.google.com/scholar?cites=11117383010874370050&as_sdt=2005&sciodt=0,5&hl=en",4,07/04/2024 15:25,,10.1007/s10693-011-0104-0,,,,,,,20,1.54,10,2,13,"We investigate which factors influence 44,649 employees' decision to invest in a top retail banking group in France. We have two objectives:(i) to explore factors associated with the …",https://shs.hal.science/halshs-01256781/document,"https://scholar.google.com/scholar?q=related:AighK_LgSJoJ:scholar.google.com/&scioq=&hl=en&as_sdt=2005&sciodt=0,5",83
20,"SD Toe, X Hollandts…",La «face cachée» de l'actionnariat salarié: Etude empirique sur l'indice SBF 120 (2000-2014),2017,Finance contrôle stratégie,journals.openedition.org,https://journals.openedition.org/fcs/1914,"https://scholar.google.com/scholar?cites=3491945982026146124&as_sdt=2005&sciodt=0,5&hl=en",5,07/04/2024 15:25,HTML,,,,,,,,20,2.86,7,3,7,L'actionnariat salarié se développe de manière inexorable et tend à faire des salariés des acteurs incontournables de la gouvernance des entreprises. Face à cette transformation …,https://journals.openedition.org/fcs/1914,"https://scholar.google.com/scholar?q=related:TGGFmV7idTAJ:scholar.google.com/&scioq=&hl=en&as_sdt=2005&sciodt=0,5",84
